Period,Model,MAE,RMSE,R2,Mean Error,Std Dev Error,Theil's U
2023-01-30/2023-02-05,Model 1 - Kasten Model,19.28493644,25.23293042,0.268130622,-0.356787198,25.23040785,0.003457508
2023-01-30/2023-02-05,Model  2 - Balint et al. Model,19.49761999,25.49402106,0.25290664,-0.179981957,25.49338573,0.003795636
2023-01-30/2023-02-05,Model 3  - Real World GHI,18.63228064,24.10553666,0.332068684,10.07052366,21.90117465,0.001133168
2023-01-30/2023-02-05,Model 4 - Karamov Naumov,16.61008448,23.42673894,0.369156152,-11.63581368,20.33273069,0.000750774
2023-01-30/2023-02-05,Model 5 - HDKR,17.69875587,22.25320879,0.430775634,2.28820156,22.13525322,0.000807203
2023-02-06/2023-02-12,Model 1 - Kasten Model,29.67317446,41.96424938,-0.105874203,9.347330262,40.90996997,0.021109817
2023-02-06/2023-02-12,Model  2 - Balint et al. Model,29.61553818,41.81204216,-0.097866588,9.417478853,40.73767251,0.025053729
2023-02-06/2023-02-12,Model 3  - Real World GHI,21.98523027,30.20561675,0.427042743,5.398067783,29.71935645,0.004015938
2023-02-06/2023-02-12,Model 4 - Karamov Naumov,24.81438857,33.41847331,0.29867387,-14.89520236,29.91533561,0.001170302
2023-02-06/2023-02-12,Model 5 - HDKR,21.48937735,29.57421769,0.450745859,-2.608140499,29.45898768,0.005905057
2023-02-13/2023-02-19,Model 1 - Kasten Model,45.94978898,63.73938967,-0.481463507,-30.497398,55.96979999,0.04606802
2023-02-13/2023-02-19,Model  2 - Balint et al. Model,46.10027497,63.97656455,-0.492509099,-30.71492049,56.12124794,0.049793018
2023-02-13/2023-02-19,Model 3  - Real World GHI,36.53726529,51.88303484,0.01841955,-20.64672117,47.59792231,0.010660166
2023-02-13/2023-02-19,Model 4 - Karamov Naumov,38.65723033,57.37691673,-0.200465187,-34.92496216,45.52315445,0.009350322
2023-02-13/2023-02-19,Model 5 - HDKR,32.91206321,50.69522689,0.062849591,-26.58739047,43.16383552,0.007054948
2023-02-20/2023-02-26,Model 1 - Kasten Model,40.50044917,58.41891902,-0.938898994,11.90762899,57.19246866,0.083633053
2023-02-20/2023-02-26,Model  2 - Balint et al. Model,40.4794033,58.15208097,-0.921226965,11.62145491,56.97899883,0.084320107
2023-02-20/2023-02-26,Model 3  - Real World GHI,29.09574201,40.52747616,0.066859003,5.654113122,40.13112668,0.066407197
2023-02-20/2023-02-26,Model 4 - Karamov Naumov,24.80169029,36.39079623,0.24763035,-5.161745972,36.0228598,0.065287897
2023-02-20/2023-02-26,Model 5 - HDKR,28.52973117,39.86695179,0.097028144,12.93937653,37.7087043,0.074605856
2023-02-27/2023-03-05,Model 1 - Kasten Model,43.36763965,60.83724034,-1.088170919,21.23917883,57.00935971,0.130374907
2023-02-27/2023-03-05,Model  2 - Balint et al. Model,43.30075099,60.12577973,-1.039616304,20.64713796,56.46950577,0.139616484
2023-02-27/2023-03-05,Model 3  - Real World GHI,30.82523541,39.23557119,0.131465667,9.207931373,38.1397961,0.275181082
2023-02-27/2023-03-05,Model 4 - Karamov Naumov,27.2990238,36.93504453,0.230330484,0.710301162,36.92821396,0.063413804
2023-02-27/2023-03-05,Model 5 - HDKR,41.70009094,55.71714834,-0.751478431,23.13223432,50.68826644,0.304347845
2023-03-06/2023-03-12,Model 1 - Kasten Model,29.4340016,41.59743188,0.171655462,-19.296405,36.85098498,0.020585767
2023-03-06/2023-03-12,Model  2 - Balint et al. Model,30.03942496,42.41789364,0.138656914,-20.3290451,37.22912336,0.02836461
2023-03-06/2023-03-12,Model 3  - Real World GHI,22.15845389,29.29512983,0.589163682,-5.244328252,28.82189538,0.009593424
2023-03-06/2023-03-12,Model 4 - Karamov Naumov,24.88210613,33.62370324,0.45878595,-4.914921611,33.26254598,0.017059699
2023-03-06/2023-03-12,Model 5 - HDKR,25.62367342,33.91380015,0.449406744,13.08695068,31.28701907,0.012030733
2023-03-13/2023-03-19,Model 1 - Kasten Model,43.90170614,56.10139548,-0.041785417,-1.056512693,56.09144637,0.001033525
2023-03-13/2023-03-19,Model  2 - Balint et al. Model,43.91041679,55.70699052,-0.027188952,-2.205687716,55.6633069,0.001083581
2023-03-13/2023-03-19,Model 3  - Real World GHI,33.03460213,40.19973883,0.465094075,-3.442872819,40.05203651,0.003459784
2023-03-13/2023-03-19,Model 4 - Karamov Naumov,28.71888823,40.72243838,0.451093346,-12.64275372,38.71017652,0.000443286
2023-03-13/2023-03-19,Model 5 - HDKR,39.14517818,50.89399994,0.142638227,1.810159192,50.86179857,0.002711414
2023-03-20/2023-03-26,Model 1 - Kasten Model,30.17061141,42.92296219,0.40000073,-6.131989012,42.48269523,0.018303317
2023-03-20/2023-03-26,Model  2 - Balint et al. Model,30.5285104,43.50739605,0.38355046,-7.399035335,42.87362577,0.018714004
2023-03-20/2023-03-26,Model 3  - Real World GHI,20.33387316,27.43610378,0.754858847,3.219874243,27.24650804,0.076254674
2023-03-20/2023-03-26,Model 4 - Karamov Naumov,18.88650164,26.55028885,0.770432792,-0.977630368,26.53228368,0.014519071
2023-03-20/2023-03-26,Model 5 - HDKR,26.15628604,36.12500348,0.575001746,8.791002054,35.03903765,0.065605678
2023-03-27/2023-04-02,Model 1 - Kasten Model,28.39409201,45.18623942,0.07075437,2.754353543,45.10221468,0.014983162
2023-03-27/2023-04-02,Model  2 - Balint et al. Model,28.23285212,44.49034101,0.099155983,1.399645643,44.46831946,0.015035008
2023-03-27/2023-04-02,Model 3  - Real World GHI,23.40108825,30.21790177,0.584427559,2.368738731,30.12491766,0.02503157
2023-03-27/2023-04-02,Model 4 - Karamov Naumov,28.18891808,38.35170569,0.330597242,6.553566987,37.7876182,0.013217858
2023-03-27/2023-04-02,Model 5 - HDKR,34.34317829,46.75354346,0.00517385,14.94441699,44.30077005,0.02424667
2023-04-03/2023-04-09,Model 1 - Kasten Model,70.74109816,96.69386296,-0.512103466,25.12520026,93.37251976,0.086509215
2023-04-03/2023-04-09,Model  2 - Balint et al. Model,69.78885094,94.73527203,-0.451466779,22.74730313,91.96375355,0.092596793
2023-04-03/2023-04-09,Model 3  - Real World GHI,31.21688816,41.63177283,0.719693288,-11.58213704,39.9882309,0.579160087
2023-04-03/2023-04-09,Model 4 - Karamov Naumov,29.00043804,39.02266211,0.753726618,-7.349343915,38.32434347,0.026654756
2023-04-03/2023-04-09,Model 5 - HDKR,33.42638501,48.8466106,0.614119746,-11.99516787,47.35089561,0.327515793
2023-04-10/2023-04-16,Model 1 - Kasten Model,51.33575073,77.96172304,-0.431811059,7.171003552,77.63122418,0.19561416
2023-04-10/2023-04-16,Model  2 - Balint et al. Model,51.58558394,76.92509652,-0.39398774,4.839184688,76.77273452,0.193204513
2023-04-10/2023-04-16,Model 3  - Real World GHI,34.05642769,48.07427308,0.455562154,-5.574128255,47.75002436,0.191838255
2023-04-10/2023-04-16,Model 4 - Karamov Naumov,30.21568901,45.81237798,0.505588544,5.938413233,45.42586515,0.141248172
2023-04-10/2023-04-16,Model 5 - HDKR,22.98642309,44.2543038,0.538646435,8.056582552,43.51476626,0.124510414
2023-04-17/2023-04-23,Model 1 - Kasten Model,66.7506535,113.0295395,-1.664309059,50.26364228,101.2385454,0.170242028
2023-04-17/2023-04-23,Model  2 - Balint et al. Model,64.91008186,109.7226185,-1.510689533,47.3300796,98.98947715,0.18085126
2023-04-17/2023-04-23,Model 3  - Real World GHI,42.62900942,57.0554926,0.321115953,20.21224506,53.35535948,0.151815404
2023-04-17/2023-04-23,Model 4 - Karamov Naumov,51.46923312,77.55264643,-0.254278361,35.85637556,68.76578583,0.03966229
2023-04-17/2023-04-23,Model 5 - HDKR,42.63633896,84.72932605,-0.497159908,41.31742746,73.97248732,0.092000157
2023-04-24/2023-04-30,Model 1 - Kasten Model,43.84111897,86.0595736,-2.079305727,30.38813755,80.51590716,0.046860054
2023-04-24/2023-04-30,Model  2 - Balint et al. Model,42.39637907,83.49227593,-1.898324642,28.18093407,78.59258931,0.060974771
2023-04-24/2023-04-30,Model 3  - Real World GHI,32.67346572,40.92009487,0.30381014,20.23102831,35.56908289,0.164949168
2023-04-24/2023-04-30,Model 4 - Karamov Naumov,48.34276467,65.39220991,-0.777896434,34.22534565,55.7204346,0.00223009
2023-04-24/2023-04-30,Model 5 - HDKR,59.22506632,78.93024186,-1.590247702,44.88957254,64.92233327,0.147730321
2023-05-01/2023-05-07,Model 1 - Kasten Model,63.61795608,100.2570326,-1.381660031,19.84530215,98.27327491,0.097620822
2023-05-01/2023-05-07,Model  2 - Balint et al. Model,63.4701277,98.53282542,-1.3004455,17.24111194,97.01268857,0.113873042
2023-05-01/2023-05-07,Model 3  - Real World GHI,37.17950041,48.987347,0.431385518,11.89416084,47.52145941,0.369119233
2023-05-01/2023-05-07,Model 4 - Karamov Naumov,46.92009406,68.69573241,-0.118174522,23.89291262,64.40677276,0.006451352
2023-05-01/2023-05-07,Model 5 - HDKR,44.18512505,62.04571847,0.087834354,20.34212076,58.61628873,0.196371588
2023-05-08/2023-05-14,Model 1 - Kasten Model,46.50028577,76.15916824,0.030930601,-2.169308162,76.12826682,0.00092849
2023-05-08/2023-05-14,Model  2 - Balint et al. Model,46.72542613,75.17801737,0.055738611,-4.98106762,75.01282065,0.000952531
2023-05-08/2023-05-14,Model 3  - Real World GHI,32.81145304,44.46146363,0.669723247,-4.937881914,44.18641274,0.001664473
2023-05-08/2023-05-14,Model 4 - Karamov Naumov,42.25490548,64.83921405,0.297597612,14.34935269,63.23147757,0.000491543
2023-05-08/2023-05-14,Model 5 - HDKR,48.03561976,66.90359595,0.252158749,20.87033224,63.56508777,0.001130375
2023-05-15/2023-05-21,Model 1 - Kasten Model,113.3919366,153.6959977,-1.782095248,-16.44270616,152.8139297,1.568737008
2023-05-15/2023-05-21,Model  2 - Balint et al. Model,111.7060346,151.3651152,-1.698351173,-19.43380985,150.1123751,1.530018826
2023-05-15/2023-05-21,Model 3  - Real World GHI,87.36570194,115.9667675,-0.583849754,-44.56309153,107.0627015,0.968300118
2023-05-15/2023-05-21,Model 4 - Karamov Naumov,104.2501919,139.0703749,-1.277802833,-26.8207888,136.4595708,1.33651737
2023-05-15/2023-05-21,Model 5 - HDKR,96.65108919,126.0314502,-0.870702577,-29.74036835,122.4721883,1.232775457
2023-05-22/2023-05-28,Model 1 - Kasten Model,144.7138802,185.5307469,-2.571993471,46.35007771,179.6477897,0.147877424
2023-05-22/2023-05-28,Model  2 - Balint et al. Model,141.8247064,180.8467952,-2.39391143,41.96415846,175.9106954,0.15631845
2023-05-22/2023-05-28,Model 3  - Real World GHI,82.82911587,99.96040778,-0.036895306,-27.22867952,96.1804665,0.241599043
2023-05-22/2023-05-28,Model 4 - Karamov Naumov,102.1588676,126.6039623,-0.663311025,-1.796011284,126.5912225,0.031081636
2023-05-22/2023-05-28,Model 5 - HDKR,93.92114329,119.3685271,-0.478626688,-45.65819654,110.2913158,0.122414744
2023-05-29/2023-06-04,Model 1 - Kasten Model,128.5342768,166.3335343,-1.409816316,91.48231981,138.9166289,0.017595057
2023-05-29/2023-06-04,Model  2 - Balint et al. Model,124.4877496,160.2431555,-1.236574075,86.66020863,134.7882678,0.027283557
2023-05-29/2023-06-04,Model 3  - Real World GHI,54.57264106,63.93420815,0.643966478,-20.64772725,60.50829969,0.053989583
2023-05-29/2023-06-04,Model 4 - Karamov Naumov,64.7853525,81.6640086,0.419120971,10.4551612,80.99197432,0.000123009
2023-05-29/2023-06-04,Model 5 - HDKR,80.89215653,97.73547289,0.167989616,-29.68346502,93.1188196,0.033913062
2023-06-05/2023-06-11,Model 1 - Kasten Model,127.5034907,182.0078069,-3.350638544,93.88528481,155.9243248,0.026377645
2023-06-05/2023-06-11,Model  2 - Balint et al. Model,124.2347893,176.3587363,-3.084763591,89.69026956,151.8488045,0.038418282
2023-06-05/2023-06-11,Model 3  - Real World GHI,54.2175875,67.11693701,0.408387656,14.81405393,65.46164556,0.076964909
2023-06-05/2023-06-11,Model 4 - Karamov Naumov,71.64566054,102.2693949,-0.373612843,34.59250648,96.24129898,0.000363556
2023-06-05/2023-06-11,Model 5 - HDKR,71.49207466,96.01907071,-0.210843366,-9.888700338,95.50851033,0.044161637
2023-06-12/2023-06-18,Model 1 - Kasten Model,72.55229258,105.7725362,-0.128239407,12.33545023,105.0507786,0.494487862
2023-06-12/2023-06-18,Model  2 - Balint et al. Model,71.50609059,102.647009,-0.062546701,8.663127551,102.2807835,0.687615172
2023-06-12/2023-06-18,Model 3  - Real World GHI,38.83955913,48.20304632,0.765682675,-23.9004291,41.86052034,6.790566036
2023-06-12/2023-06-18,Model 4 - Karamov Naumov,36.06210108,49.80502151,0.749849317,-10.0336905,48.78386232,0.006145679
2023-06-12/2023-06-18,Model 5 - HDKR,61.66024761,83.84740729,0.291018823,-42.60426525,72.21678678,1.238471269
2023-06-19/2023-06-25,Model 1 - Kasten Model,64.1744839,103.9380366,-0.37907716,27.55483966,100.2189916,0.000331901
2023-06-19/2023-06-25,Model  2 - Balint et al. Model,62.36550998,100.0352764,-0.277455854,24.08358945,97.09293095,0.000347128
2023-06-19/2023-06-25,Model 3  - Real World GHI,28.64121219,38.31580685,0.812588818,-16.7514225,34.45998983,0.000320075
2023-06-19/2023-06-25,Model 4 - Karamov Naumov,43.96609446,58.8846237,0.557367441,-6.281047621,58.54867504,0.000212153
2023-06-19/2023-06-25,Model 5 - HDKR,43.67146877,59.06881803,0.554593952,-31.97749082,49.66452803,0.000202895
2023-06-26/2023-07-02,Model 1 - Kasten Model,53.30297184,75.58402541,0.034234354,-16.78049859,73.69775956,0.006548293
2023-06-26/2023-07-02,Model  2 - Balint et al. Model,53.62209304,74.96777286,0.049918338,-19.07809867,72.49960771,0.010788601
2023-06-26/2023-07-02,Model 3  - Real World GHI,33.81505657,45.46337986,0.650590141,-17.78412595,41.84069517,0.043621741
2023-06-26/2023-07-02,Model 4 - Karamov Naumov,39.48711343,57.41218213,0.442788815,-9.51649694,56.61797367,0.000178585
2023-06-26/2023-07-02,Model 5 - HDKR,43.16073414,60.35746278,0.384151812,-21.59514234,56.36198311,0.013934173
2023-07-03/2023-07-09,Model 1 - Kasten Model,53.87436471,79.23984122,0.223949487,10.76085415,78.50577338,0.014161409
2023-07-03/2023-07-09,Model  2 - Balint et al. Model,52.89034872,76.97100576,0.267753811,7.758965089,76.5789409,0.014212811
2023-07-03/2023-07-09,Model 3  - Real World GHI,38.55080242,50.86446272,0.680234416,-8.62488031,50.12788653,0.054808838
2023-07-03/2023-07-09,Model 4 - Karamov Naumov,42.02810783,64.09189684,0.492297798,4.162632351,63.95657692,0.012644135
2023-07-03/2023-07-09,Model 5 - HDKR,53.74739741,76.84524932,0.270144567,-19.28873703,74.38505877,0.036334966
2023-07-10/2023-07-16,Model 1 - Kasten Model,43.24255007,58.37615658,0.403534395,-16.24428272,56.07048186,0.008350907
2023-07-10/2023-07-16,Model  2 - Balint et al. Model,43.90708471,59.16797726,0.387243603,-18.73995666,56.12186346,0.008514025
2023-07-10/2023-07-16,Model 3  - Real World GHI,26.59464648,37.85175775,0.749223687,-7.458740328,37.10960465,0.023300294
2023-07-10/2023-07-16,Model 4 - Karamov Naumov,34.66318809,48.45127454,0.589110711,3.495069862,48.32505035,0.005843982
2023-07-10/2023-07-16,Model 5 - HDKR,37.167202,53.80469693,0.493295469,2.639897922,53.73989534,0.010317146
2023-07-17/2023-07-23,Model 1 - Kasten Model,59.10627173,82.98108386,0.029249104,-5.974828222,82.76570368,0.005229242
2023-07-17/2023-07-23,Model  2 - Balint et al. Model,58.82112842,81.94673199,0.053298922,-8.60503857,81.49368194,0.005504151
2023-07-17/2023-07-23,Model 3  - Real World GHI,39.20888805,50.43603168,0.641382555,-15.32020412,48.05293578,0.028326412
2023-07-17/2023-07-23,Model 4 - Karamov Naumov,36.18516516,50.64594547,0.638391225,-7.106714996,50.14485412,0.002370985
2023-07-17/2023-07-23,Model 5 - HDKR,43.4242722,60.06651931,0.491355296,-21.18784414,56.20553356,0.015669808
2023-07-24/2023-07-30,Model 1 - Kasten Model,45.28092501,62.60190837,0.171647468,-20.76852268,59.05647634,0.021475587
2023-07-24/2023-07-30,Model  2 - Balint et al. Model,46.03890177,62.9818117,0.161563151,-23.0748801,58.60254699,0.02345553
2023-07-24/2023-07-30,Model 3  - Real World GHI,26.36918778,34.05725593,0.754834495,-10.00467227,32.55461894,0.069645776
2023-07-24/2023-07-30,Model 4 - Karamov Naumov,31.67174639,43.76509393,0.595148466,-2.967077779,43.66440079,0.003538987
2023-07-24/2023-07-30,Model 5 - HDKR,31.93270951,42.9379574,0.610306806,-9.143434529,41.95313803,0.027749441
2023-07-31/2023-08-06,Model 1 - Kasten Model,50.06723756,77.93606595,-0.455739862,1.010523694,77.92951442,0.003093055
2023-07-31/2023-08-06,Model  2 - Balint et al. Model,49.87921014,76.56767171,-0.405069146,-1.252930121,76.55741974,0.004239788
2023-07-31/2023-08-06,Model 3  - Real World GHI,29.08990875,39.04042923,0.634711515,-2.538150751,38.95783497,0.133314349
2023-07-31/2023-08-06,Model 4 - Karamov Naumov,40.79124302,56.94487133,0.222829966,1.294715916,56.9301509,0.001025514
2023-07-31/2023-08-06,Model 5 - HDKR,37.88230062,52.15604225,0.348047325,-1.278407538,52.14037224,0.032571301
2023-08-07/2023-08-13,Model 1 - Kasten Model,46.36569541,60.85115378,0.397633683,-23.88333406,55.96828808,0.01828053
2023-08-07/2023-08-13,Model  2 - Balint et al. Model,47.56376043,61.99134047,0.374848757,-26.19360599,56.18559689,0.020928664
2023-08-07/2023-08-13,Model 3  - Real World GHI,33.05406895,42.81303884,0.701822304,-10.37808391,41.53614894,0.150298584
2023-08-07/2023-08-13,Model 4 - Karamov Naumov,32.0893277,44.12761807,0.683230021,-11.25734725,42.66753813,0.004654887
2023-08-07/2023-08-13,Model 5 - HDKR,37.10792284,49.80456875,0.596483394,-4.983509785,49.55461329,0.093457224
2023-08-14/2023-08-20,Model 1 - Kasten Model,38.06744765,61.36860915,0.259626161,10.54628472,60.45562065,0.008000338
2023-08-14/2023-08-20,Model  2 - Balint et al. Model,37.28937329,59.38463424,0.306723187,8.304130929,58.8011581,0.007686707
2023-08-14/2023-08-20,Model 3  - Real World GHI,20.49057427,28.7976077,0.836968575,-0.299397032,28.7960513,0.011337442
2023-08-14/2023-08-20,Model 4 - Karamov Naumov,31.50044785,41.43749788,0.662444219,-3.015621465,41.327621,0.009072537
2023-08-14/2023-08-20,Model 5 - HDKR,33.87771178,46.07500683,0.582660665,-14.43550266,43.75525703,0.008353513
2023-08-21/2023-08-27,Model 1 - Kasten Model,44.66472246,58.94222247,0.325865956,-16.21596223,56.66769943,0.001030738
2023-08-21/2023-08-27,Model  2 - Balint et al. Model,45.12318792,59.42881969,0.314689392,-18.44521082,56.49388292,0.001043213
2023-08-21/2023-08-27,Model 3  - Real World GHI,26.1015153,33.74375119,0.779057143,-5.175754882,33.3444494,0.002652644
2023-08-21/2023-08-27,Model 4 - Karamov Naumov,28.32573499,37.74718865,0.723520797,-11.24741521,36.03256724,0.000847777
2023-08-21/2023-08-27,Model 5 - HDKR,36.34935459,47.90246031,0.554744919,-4.78945946,47.66242526,0.001481165
2023-08-28/2023-09-03,Model 1 - Kasten Model,47.06993435,67.02953562,-0.146204584,9.695026587,66.32469453,0.061670395
2023-08-28/2023-09-03,Model  2 - Balint et al. Model,46.6468117,65.58076037,-0.097191957,7.791134753,65.11631401,0.065828726
2023-08-28/2023-09-03,Model 3  - Real World GHI,26.68129115,34.14145801,0.702632263,1.173650003,34.1212793,0.116792116
2023-08-28/2023-09-03,Model 4 - Karamov Naumov,29.53951232,38.54634688,0.620950288,-6.165691549,38.05003424,0.014391974
2023-08-28/2023-09-03,Model 5 - HDKR,33.85610632,45.61732415,0.469128595,-9.253271695,44.66897386,0.064773206
2023-09-04/2023-09-10,Model 1 - Kasten Model,58.25062201,74.12710284,0.03325202,-29.94433523,67.80976451,0.01331005
2023-09-04/2023-09-10,Model  2 - Balint et al. Model,58.64826868,74.67832926,0.018820635,-31.6868144,67.62247152,0.014662836
2023-09-04/2023-09-10,Model 3  - Real World GHI,29.9912276,37.15797722,0.757079958,-15.43025743,33.80269851,0.097642242
2023-09-04/2023-09-10,Model 4 - Karamov Naumov,38.95459569,51.44294395,0.534402276,-35.96249757,36.7841712,0.004758065
2023-09-04/2023-09-10,Model 5 - HDKR,49.00693653,64.09773877,0.277155905,-44.51455542,46.11913346,0.042223033
2023-09-11/2023-09-17,Model 1 - Kasten Model,49.83146375,77.95632891,-0.45183502,0.186045998,77.9561069,0.022342952
2023-09-11/2023-09-17,Model  2 - Balint et al. Model,49.48536563,77.11749915,-0.420758896,-1.177594795,77.10850761,0.023070136
2023-09-11/2023-09-17,Model 3  - Real World GHI,38.04114653,50.75329069,0.384620647,0.090160748,50.75321061,0.035402788
2023-09-11/2023-09-17,Model 4 - Karamov Naumov,40.97551208,55.80962301,0.255897631,-13.27176887,54.20861713,0.011396522
2023-09-11/2023-09-17,Model 5 - HDKR,42.31303527,55.03828139,0.276323887,-7.152944665,54.57149257,0.025181637
2023-09-18/2023-09-24,Model 1 - Kasten Model,43.49490602,59.01998055,0.045379053,-35.04235346,47.49096301,0.000275438
2023-09-18/2023-09-24,Model  2 - Balint et al. Model,43.83268204,59.42965779,0.032080377,-35.87727576,47.37832108,0.000274972
2023-09-18/2023-09-24,Model 3  - Real World GHI,34.13510744,45.55359729,0.431306595,-20.51854875,40.67086651,0.000704209
2023-09-18/2023-09-24,Model 4 - Karamov Naumov,41.28739963,58.40274035,0.065241794,-32.90597547,48.25014879,0.000249111
2023-09-18/2023-09-24,Model 5 - HDKR,38.08667362,51.52993768,0.272300511,-28.81653659,42.71933632,0.000420457
2023-09-25/2023-10-01,Model 1 - Kasten Model,38.77385005,52.88248804,0.208395479,-23.42683073,47.41034849,0.045047443
2023-09-25/2023-10-01,Model  2 - Balint et al. Model,39.01786519,53.13047542,0.200953763,-24.40630653,47.19300393,0.044962746
2023-09-25/2023-10-01,Model 3  - Real World GHI,33.94115245,43.06961058,0.474918888,-8.952100159,42.12898359,0.086166729
2023-09-25/2023-10-01,Model 4 - Karamov Naumov,36.63586261,52.43922071,0.221610508,-27.59850733,44.58917202,0.034548284
2023-09-25/2023-10-01,Model 5 - HDKR,40.68290672,53.06488071,0.202925545,-17.60820452,50.058293,0.070076715
2023-10-02/2023-10-08,Model 1 - Kasten Model,74.23815024,95.11213103,-1.483348228,-60.366472,73.49970426,0.034129668
2023-10-02/2023-10-08,Model  2 - Balint et al. Model,74.12653826,95.00772853,-1.477899387,-60.58436215,73.18472207,0.033215781
2023-10-02/2023-10-08,Model 3  - Real World GHI,75.30766716,95.52019657,-1.504702869,-50.08658299,81.33536843,0.059933214
2023-10-02/2023-10-08,Model 4 - Karamov Naumov,74.64089182,95.71494101,-1.514926345,-61.36650363,73.45408201,0.04161977
2023-10-02/2023-10-08,Model 5 - HDKR,76.49985605,96.5609357,-1.559580126,-56.380875,78.39139772,0.053206814
2023-10-09/2023-10-15,Model 1 - Kasten Model,29.84450899,42.18950176,0.469614564,-27.34459678,32.12829106,6.36E-05
2023-10-09/2023-10-15,Model  2 - Balint et al. Model,30.20672243,42.7991916,0.454174364,-27.84829817,32.4998937,7.68E-05
2023-10-09/2023-10-15,Model 3  - Real World GHI,19.81448517,28.80783449,0.752711441,-13.47754679,25.46069639,0.000108687
2023-10-09/2023-10-15,Model 4 - Karamov Naumov,33.98208601,46.09439877,0.366890097,-33.37719245,31.79082607,5.71E-05
2023-10-09/2023-10-15,Model 5 - HDKR,27.54319934,40.03024245,0.522515544,-21.12596614,34.00167444,5.15E-05
2023-10-16/2023-10-22,Model 1 - Kasten Model,39.24467015,50.28368742,-0.069887766,-32.2889404,38.54703034,0.064915513
2023-10-16/2023-10-22,Model  2 - Balint et al. Model,39.66940774,50.7770456,-0.090985158,-32.78124651,38.77754811,0.073617626
2023-10-16/2023-10-22,Model 3  - Real World GHI,31.21790283,40.38848701,0.30976154,-17.35631933,36.46900139,0.742740115
2023-10-16/2023-10-22,Model 4 - Karamov Naumov,34.6029873,48.55731841,0.002315156,-32.48780195,36.08816837,0.0079559
2023-10-16/2023-10-22,Model 5 - HDKR,36.59849438,47.75534938,0.034998388,-18.48639526,44.03210856,0.417998049
2023-10-23/2023-10-29,Model 1 - Kasten Model,43.38517151,55.03335054,-0.457662198,-27.36440116,47.74787138,0.439823991
2023-10-23/2023-10-29,Model  2 - Balint et al. Model,43.62829468,55.33557835,-0.473716307,-27.74973221,47.87461324,0.454295183
2023-10-23/2023-10-29,Model 3  - Real World GHI,34.12582481,42.42660986,0.133673412,-9.358196832,41.38165507,0.683680221
2023-10-23/2023-10-29,Model 4 - Karamov Naumov,38.5690791,50.17913814,-0.211857006,-30.90639397,39.53151548,0.143651239
2023-10-23/2023-10-29,Model 5 - HDKR,38.47733181,48.15473061,-0.116048062,-15.86653124,45.46571529,0.428308581
2023-10-30/2023-11-05,Model 1 - Kasten Model,29.61456703,41.76409124,0.061777195,-24.42975199,33.87368499,0.184866383
2023-10-30/2023-11-05,Model  2 - Balint et al. Model,29.74986042,41.98736662,0.051718697,-24.43919101,34.14183502,0.184998549
2023-10-30/2023-11-05,Model 3  - Real World GHI,23.36767075,30.60662082,0.496115871,-9.714180234,29.02412687,0.602776441
2023-10-30/2023-11-05,Model 4 - Karamov Naumov,33.5588824,45.53351847,-0.115224583,-31.86839393,32.52240416,0.159700523
2023-10-30/2023-11-05,Model 5 - HDKR,25.96910594,35.31577759,0.329131409,-19.65974813,29.33766265,0.388196614
2023-11-06/2023-11-12,Model 1 - Kasten Model,28.06789234,39.30278438,0.259396548,-25.56348925,29.85325572,0.002822304
2023-11-06/2023-11-12,Model  2 - Balint et al. Model,28.0978823,39.4014363,0.25567398,-25.47251012,30.06034615,0.002769333
2023-11-06/2023-11-12,Model 3  - Real World GHI,27.620614,36.06209319,0.376493541,-14.57924731,32.98363402,0.013741598
2023-11-06/2023-11-12,Model 4 - Karamov Naumov,35.32403444,49.15310066,-0.158353013,-35.27543413,34.22968085,0.003140244
2023-11-06/2023-11-12,Model 5 - HDKR,30.25417614,43.05243425,0.111342279,-23.79837441,35.87686538,0.010562724
2023-11-13/2023-11-19,Model 1 - Kasten Model,21.49576669,31.73170061,0.112307025,-18.83573519,25.53656013,0.020926484
2023-11-13/2023-11-19,Model  2 - Balint et al. Model,21.4762667,31.83310982,0.106624122,-18.7307543,25.73918654,0.024168495
2023-11-13/2023-11-19,Model 3  - Real World GHI,15.5320606,21.88250795,0.577846614,-5.808961224,21.09739614,0.00772758
2023-11-13/2023-11-19,Model 4 - Karamov Naumov,26.08673281,35.88263395,-0.135127686,-24.57619844,26.14524601,0.002101324
2023-11-13/2023-11-19,Model 5 - HDKR,19.16636276,27.93147145,0.312197552,-14.57895916,23.82479899,0.002661109
2023-11-20/2023-11-26,Model 1 - Kasten Model,17.92935526,25.87055239,0.45113325,-16.67259961,19.78155462,0.14848544
2023-11-20/2023-11-26,Model  2 - Balint et al. Model,17.73048904,25.69186479,0.458689098,-16.41707006,19.76238161,0.172698491
2023-11-20/2023-11-26,Model 3  - Real World GHI,16.54832568,23.45680419,0.548774948,-10.07138159,21.18463914,0.049518398
2023-11-20/2023-11-26,Model 4 - Karamov Naumov,25.81203356,37.54455269,-0.155977517,-25.16341388,27.86388412,0.006340369
2023-11-20/2023-11-26,Model 5 - HDKR,21.61977,31.07570941,0.208050257,-16.68116143,26.21904973,0.012952264
2023-11-27/2023-12-03,Model 1 - Kasten Model,13.32541644,19.1356816,-0.107732871,-7.90385109,17.42708949,0.038852302
2023-11-27/2023-12-03,Model  2 - Balint et al. Model,13.51336485,19.36211858,-0.134104105,-7.666389641,17.77971051,0.050028746
2023-11-27/2023-12-03,Model 3  - Real World GHI,11.8738686,16.7978714,0.146397505,-2.004585745,16.67783318,0.002106989
2023-11-27/2023-12-03,Model 4 - Karamov Naumov,13.8931088,18.91390373,-0.082204959,-12.746688,13.97346411,0.000496325
2023-11-27/2023-12-03,Model 5 - HDKR,14.55811341,19.9831442,-0.208021923,1.382557514,19.93525989,0.001109345
2023-12-04/2023-12-10,Model 1 - Kasten Model,15.62464144,22.88927808,-0.193030467,-9.179607998,20.96792426,0.036828795
2023-12-04/2023-12-10,Model  2 - Balint et al. Model,15.7230505,22.95180377,-0.199557272,-8.913967517,21.15009407,0.044425634
2023-12-04/2023-12-10,Model 3  - Real World GHI,15.85161374,22.11535553,-0.113717887,-3.374322406,21.8564155,0.075200509
2023-12-04/2023-12-10,Model 4 - Karamov Naumov,15.29385224,23.87098732,-0.297561969,-14.13364542,19.23705026,0.022778666
2023-12-04/2023-12-10,Model 5 - HDKR,16.7520856,24.18502121,-0.33192659,-7.275797868,23.06464863,0.082168133
2023-12-11/2023-12-17,Model 1 - Kasten Model,12.53233961,18.04662371,-0.146291398,-8.034606574,16.15938503,0.179578743
2023-12-11/2023-12-17,Model  2 - Balint et al. Model,12.54263052,18.01061833,-0.141721958,-7.728194663,16.2682937,0.194178251
2023-12-11/2023-12-17,Model 3  - Real World GHI,11.13409176,14.49089247,0.260916725,1.367035605,14.42626695,0.143613153
2023-12-11/2023-12-17,Model 4 - Karamov Naumov,14.0697294,20.12340696,-0.425299483,-13.46111838,14.95826861,0.057774495
2023-12-11/2023-12-17,Model 5 - HDKR,10.69968828,14.38691193,0.27148537,-3.77803736,13.88199081,0.088605697
2023-12-18/2023-12-24,Model 1 - Kasten Model,9.913836886,13.60696503,-0.224741661,-8.871120442,10.31759272,0.046401285
2023-12-18/2023-12-24,Model  2 - Balint et al. Model,9.859059252,13.57472249,-0.218944336,-8.735802242,10.39032482,0.048608276
2023-12-18/2023-12-24,Model 3  - Real World GHI,10.12464622,12.8371661,-0.090084777,-0.789694551,12.81285354,0.063957357
2023-12-18/2023-12-24,Model 4 - Karamov Naumov,12.37428626,15.84403359,-0.660555756,-11.91561284,10.44277602,0.019997461
2023-12-18/2023-12-24,Model 5 - HDKR,10.0354671,13.75894957,-0.252254241,-7.396087569,11.60200767,0.030853475
2023-12-25/2023-12-31,Model 1 - Kasten Model,16.09446348,23.06248683,-0.325791849,-12.64524522,19.28668121,0.141321388
2023-12-25/2023-12-31,Model  2 - Balint et al. Model,16.2061485,23.18038252,-0.33938142,-12.55391431,19.48664592,0.149664998
2023-12-25/2023-12-31,Model 3  - Real World GHI,14.58248203,19.20810789,0.08032952,-2.999109816,18.97252617,0.173079912
2023-12-25/2023-12-31,Model 4 - Karamov Naumov,16.13508193,22.74672898,-0.289736468,-14.65677854,17.39518675,0.046144192
2023-12-25/2023-12-31,Model 5 - HDKR,15.1527694,19.9325067,0.009654093,-6.799959961,18.73673846,0.094108746
2024-01-01/2024-01-07,Model 1 - Kasten Model,19.82047883,25.07060103,0.114946895,1.023953412,25.04968175,0.024082416
2024-01-01/2024-01-07,Model  2 - Balint et al. Model,28.16813597,35.47190592,-0.771776294,16.42443771,31.44032372,0.08468047
2024-01-01/2024-01-07,Model 3  - Real World GHI,19.0954879,24.17966791,0.176733388,6.721134437,23.22676672,0.167730986
2024-01-01/2024-01-07,Model 4 - Karamov Naumov,19.81104665,28.76370985,-0.165009957,-14.94765003,24.57475866,0.024758938
2024-01-01/2024-01-07,Model 5 - HDKR,16.19958588,21.84036795,0.32832414,-7.643246104,20.4592879,0.006212066
2024-01-08/2024-01-14,Model 1 - Kasten Model,24.83021375,29.26986992,0.29604255,-0.288575997,29.26844733,0.063357013
2024-01-08/2024-01-14,Model  2 - Balint et al. Model,29.98296892,36.91629453,-0.11980146,19.40191421,31.40666374,0.099367093
2024-01-08/2024-01-14,Model 3  - Real World GHI,25.49852613,31.89143595,0.164295053,11.51627697,29.73952003,0.554866096
2024-01-08/2024-01-14,Model 4 - Karamov Naumov,23.83378235,36.01983418,-0.066076188,-20.05648948,29.91931957,0.011510572
2024-01-08/2024-01-14,Model 5 - HDKR,16.03191913,22.80346461,0.572725971,-4.309965158,22.39245852,0.007263047
2024-01-15/2024-01-21,Model 1 - Kasten Model,30.08231025,37.12185193,0.215818521,-11.58970296,35.26628242,0.002568974
2024-01-15/2024-01-21,Model  2 - Balint et al. Model,31.68131844,38.09719733,0.174069759,7.678302262,37.31541396,0.004000769
2024-01-15/2024-01-21,Model 3  - Real World GHI,21.78420595,26.86747312,0.589218422,0.429357056,26.86404222,0.002182117
2024-01-15/2024-01-21,Model 4 - Karamov Naumov,30.87106163,42.6685037,-0.036029542,-24.08860519,35.21846545,0.000831127
2024-01-15/2024-01-21,Model 5 - HDKR,20.25536557,25.60810068,0.626825422,-10.45392247,23.37713253,0.000341571
2024-01-22/2024-01-28,Model 1 - Kasten Model,28.06365313,35.50376531,0.128378764,-9.438925921,34.22607236,0.814995164
2024-01-22/2024-01-28,Model  2 - Balint et al. Model,32.77746384,38.91824656,-0.047334729,10.39944191,37.50308685,1.263779361
2024-01-22/2024-01-28,Model 3  - Real World GHI,20.25165249,24.35720218,0.589763993,-0.109941405,24.35695406,0.262347005
2024-01-22/2024-01-28,Model 4 - Karamov Naumov,31.85518966,43.50880818,-0.308981017,-26.84487171,34.2398781,0.276277979
2024-01-22/2024-01-28,Model 5 - HDKR,19.14169692,24.50246551,0.584856209,-18.27655268,16.31987862,0.010688196
2024-01-29/2024-02-04,Model 1 - Kasten Model,19.05840371,25.76624595,0.226561657,-2.265305219,25.66647273,0.703860491
2024-01-29/2024-02-04,Model  2 - Balint et al. Model,27.31903805,36.87893723,-0.584456048,6.730836957,36.25950697,1.106190177
2024-01-29/2024-02-04,Model 3  - Real World GHI,20.2078012,27.11829696,0.143261612,7.219950679,26.13951687,0.658540561
2024-01-29/2024-02-04,Model 4 - Karamov Naumov,19.80095883,28.00877015,0.086073056,-13.78110859,24.38385227,0.283454541
2024-01-29/2024-02-04,Model 5 - HDKR,23.54858276,36.6450837,-0.564425327,-9.311293835,35.4423753,0.112273102
2024-02-05/2024-02-11,Model 1 - Kasten Model,20.54879499,28.12717002,0.357372804,-10.07661173,26.26022828,0.027616947
2024-02-05/2024-02-11,Model  2 - Balint et al. Model,18.21737255,25.94744019,0.453114935,-9.365814298,24.19816471,0.010309738
2024-02-05/2024-02-11,Model 3  - Real World GHI,22.77269138,28.8632471,0.323298095,2.601106264,28.74580455,0.268296745
2024-02-05/2024-02-11,Model 4 - Karamov Naumov,22.49424219,32.9175576,0.119838774,-17.82525001,27.67356248,0.012863412
2024-02-05/2024-02-11,Model 5 - HDKR,22.51960899,35.27609867,-0.010806723,-1.346601783,35.25038724,0.01177695
2024-02-12/2024-02-18,Model 1 - Kasten Model,22.44895438,31.77315424,0.447745767,-16.94286213,26.87885327,0.073304469
2024-02-12/2024-02-18,Model  2 - Balint et al. Model,20.06576437,29.5826678,0.521267331,-16.22820458,24.73417898,0.018863175
2024-02-12/2024-02-18,Model 3  - Real World GHI,17.21067578,23.14000139,0.707082612,-4.371608905,22.72330742,7.41E-05
2024-02-12/2024-02-18,Model 4 - Karamov Naumov,26.17553361,36.75212162,0.261104159,-23.66069543,28.12276543,0.029037769
2024-02-12/2024-02-18,Model 5 - HDKR,30.9959699,43.12250268,-0.017246742,-2.598910386,43.04411577,0.002593453
2024-02-19/2024-02-25,Model 1 - Kasten Model,22.02272072,31.10093846,0.498407276,-11.09243522,29.05557183,0.042634497
2024-02-19/2024-02-25,Model  2 - Balint et al. Model,26.67468898,37.25929323,0.280097859,-11.45869584,35.4535361,0.081261011
2024-02-19/2024-02-25,Model 3  - Real World GHI,21.93504845,33.88348535,0.404638985,-8.511049459,32.79714342,0.007015058
2024-02-19/2024-02-25,Model 4 - Karamov Naumov,27.62111137,39.36438466,0.196453204,-19.88364674,33.97345098,0.038277562
2024-02-19/2024-02-25,Model 5 - HDKR,26.33881599,37.82008572,0.258264171,-9.045410564,36.72246495,0.009763016
2024-02-26/2024-03-03,Model 1 - Kasten Model,23.84228396,32.26006704,0.605184898,-13.88268858,29.12014565,0.139980105
2024-02-26/2024-03-03,Model  2 - Balint et al. Model,24.81444722,31.83658339,0.615482479,-13.487404,28.8384808,0.140949489
2024-02-26/2024-03-03,Model 3  - Real World GHI,18.80661171,25.74604751,0.748531056,-9.117241903,24.07768391,0.000338102
2024-02-26/2024-03-03,Model 4 - Karamov Naumov,27.61376691,36.45309335,0.495882237,-20.37737853,30.22565896,0.053542233
2024-02-26/2024-03-03,Model 5 - HDKR,32.3136883,45.13557686,0.227139308,0.133259956,45.13538014,0.000422959
2024-03-04/2024-03-10,Model 1 - Kasten Model,38.5322118,49.20500237,0.365697583,-11.29760584,47.8904621,0.117730865
2024-03-04/2024-03-10,Model  2 - Balint et al. Model,38.56249232,49.1856006,0.366197701,-10.85639387,47.97251316,0.118545969
2024-03-04/2024-03-10,Model 3  - Real World GHI,29.07272162,38.70024522,0.607621424,0.666602224,38.69450377,0.097309044
2024-03-04/2024-03-10,Model 4 - Karamov Naumov,40.21457979,53.09213146,0.261520958,-19.39666851,49.42209702,0.054024452
2024-03-04/2024-03-10,Model 5 - HDKR,46.40064359,65.70850164,-0.131152033,21.10592661,62.22657832,0.047616615
2024-03-11/2024-03-17,Model 1 - Kasten Model,20.9144905,29.06394075,0.467342963,-5.208493802,28.59343009,0.192654467
2024-03-11/2024-03-17,Model  2 - Balint et al. Model,20.92923956,29.08406606,0.466605032,-4.906531658,28.66720854,0.19398604
2024-03-11/2024-03-17,Model 3  - Real World GHI,18.72620113,25.05065002,0.604290325,1.346374056,25.0144427,0.274347848
2024-03-11/2024-03-17,Model 4 - Karamov Naumov,21.75352164,31.13240399,0.388827247,-9.693056386,29.58498329,0.083584754
2024-03-11/2024-03-17,Model 5 - HDKR,24.42910865,34.51080708,0.248984498,-13.78468428,31.63824085,0.044701351
2024-03-18/2024-03-24,Model 1 - Kasten Model,27.61739641,39.35289075,0.529854753,-15.02831681,36.3703135,0.068266481
2024-03-18/2024-03-24,Model  2 - Balint et al. Model,27.58078333,39.24091137,0.53252656,-14.62008681,36.415686,0.068744721
2024-03-18/2024-03-24,Model 3  - Real World GHI,23.59691058,35.06508414,0.626725312,-4.790591257,34.73629746,0.048792924
2024-03-18/2024-03-24,Model 4 - Karamov Naumov,30.01952274,42.2053782,0.459227793,-19.69317713,37.32924756,0.048214544
2024-03-18/2024-03-24,Model 5 - HDKR,34.47834357,49.09654449,0.268219852,-12.80993459,47.3959519,0.015125778
2024-03-25/2024-03-31,Model 1 - Kasten Model,31.16395982,41.68168664,0.58382943,-4.251018105,41.46434428,0.03058262
2024-03-25/2024-03-31,Model  2 - Balint et al. Model,31.22641277,41.72655803,0.582932912,-3.735505301,41.55901401,0.030794604
2024-03-25/2024-03-31,Model 3  - Real World GHI,25.25586881,33.31960774,0.734061903,-0.304814548,33.31821346,0.02678066
2024-03-25/2024-03-31,Model 4 - Karamov Naumov,32.43503098,44.39826956,0.527814242,-9.27388106,43.41890683,0.008479205
2024-03-25/2024-03-31,Model 5 - HDKR,35.35635293,48.1724733,0.444123025,3.553657495,48.04121879,0.044848038
2024-04-01/2024-04-07,Model 1 - Kasten Model,41.55918532,52.05049848,0.442289395,-6.587464183,51.63196401,0.099416524
2024-04-01/2024-04-07,Model  2 - Balint et al. Model,41.67023746,52.15874254,0.439967356,-6.017775697,51.81043138,0.100104179
2024-04-01/2024-04-07,Model 3  - Real World GHI,38.41845991,47.97481856,0.5262101,3.626005414,47.83759297,0.116865132
2024-04-01/2024-04-07,Model 4 - Karamov Naumov,42.41299648,54.50853103,0.388370994,-9.443315282,53.68429706,0.034017313
2024-04-01/2024-04-07,Model 5 - HDKR,48.31916061,61.89368246,0.211409099,1.83043045,61.86661016,0.039499772
2024-04-08/2024-04-14,Model 1 - Kasten Model,32.55457299,44.52948774,0.622868232,-13.14832002,42.54405903,0.084156841
2024-04-08/2024-04-14,Model  2 - Balint et al. Model,32.5758952,44.54839229,0.622547949,-12.58632449,42.73340253,0.084753359
2024-04-08/2024-04-14,Model 3  - Real World GHI,24.5886196,33.8431001,0.782159816,-8.648374299,32.71942919,0.071590226
2024-04-08/2024-04-14,Model 4 - Karamov Naumov,34.60432937,48.22064357,0.557754193,-14.59236017,45.9596942,0.031057514
2024-04-08/2024-04-14,Model 5 - HDKR,38.57369584,52.01165204,0.485483845,-15.60696974,49.61486111,0.016139085
2024-04-15/2024-04-21,Model 1 - Kasten Model,41.61702076,54.21202205,0.644344359,-11.9388344,52.88107003,0.0384801
2024-04-15/2024-04-21,Model  2 - Balint et al. Model,41.68883426,54.26968973,0.643587304,-11.14602676,53.11276033,0.038746756
2024-04-15/2024-04-21,Model 3  - Real World GHI,35.01220856,47.51059144,0.72683858,-9.02895532,46.64476675,0.018411372
2024-04-15/2024-04-21,Model 4 - Karamov Naumov,44.86815216,58.40820255,0.587155815,-13.2848781,56.87732535,0.014268421
2024-04-15/2024-04-21,Model 5 - HDKR,50.81090907,68.76126652,0.427828498,11.81712562,67.7382264,0.003014781
2024-04-22/2024-04-28,Model 1 - Kasten Model,37.39446992,51.94434276,0.367186221,14.66653875,49.83078753,0.124654619
2024-04-22/2024-04-28,Model  2 - Balint et al. Model,37.69952607,52.3458898,0.357364683,15.29518451,50.06145733,0.125516981
2024-04-22/2024-04-28,Model 3  - Real World GHI,32.22216075,43.75359573,0.551020083,0.375907175,43.7519809,0.114258202
2024-04-22/2024-04-28,Model 4 - Karamov Naumov,38.69573208,54.61246984,0.300507517,13.70217036,52.86560687,0.062374168
2024-04-22/2024-04-28,Model 5 - HDKR,41.90952868,61.23033654,0.120708836,-6.401338732,60.89480253,0.178348943
2024-04-29/2024-05-05,Model 1 - Kasten Model,38.74064653,49.51678302,0.567432038,10.5430986,48.38134839,0.222239837
2024-04-29/2024-05-05,Model  2 - Balint et al. Model,39.02552758,49.88282797,0.56101302,11.18166931,48.61344257,0.22379544
2024-04-29/2024-05-05,Model 3  - Real World GHI,31.5277471,42.2344364,0.685310022,5.260436663,41.90555362,0.264270962
2024-04-29/2024-05-05,Model 4 - Karamov Naumov,41.05455094,53.12924004,0.502014481,10.96176432,51.98611228,0.140284693
2024-04-29/2024-05-05,Model 5 - HDKR,39.4324875,56.08846096,0.444995438,-3.804029216,55.95931392,0.332010406
2024-05-06/2024-05-12,Model 1 - Kasten Model,39.95376616,55.19412728,0.643452109,11.83222572,53.9109462,0.329834016
2024-05-06/2024-05-12,Model  2 - Balint et al. Model,40.52053345,55.84935899,0.634936413,12.77754636,54.3680532,0.33212696
2024-05-06/2024-05-12,Model 3  - Real World GHI,28.69573505,41.36650996,0.799723546,15.33345746,38.41969845,0.469993136
2024-05-06/2024-05-12,Model 4 - Karamov Naumov,46.52400906,63.46525152,0.528584192,14.35431161,61.82064291,0.056510588
2024-05-06/2024-05-12,Model 5 - HDKR,47.00257147,62.96241083,0.536024735,30.64557554,55.00103524,0.176438021
2024-05-13/2024-05-19,Model 1 - Kasten Model,46.7325278,60.23990604,0.433878691,7.772152784,59.73642039,0.058669314
2024-05-13/2024-05-19,Model  2 - Balint et al. Model,47.03699275,60.73228805,0.424586275,8.547743675,60.12775474,0.059083835
2024-05-13/2024-05-19,Model 3  - Real World GHI,34.51479894,44.28517129,0.694044977,5.786763759,43.90546391,0.082906276
2024-05-13/2024-05-19,Model 4 - Karamov Naumov,51.10934624,67.54882897,0.288169522,10.35781059,66.74998169,0.031278207
2024-05-13/2024-05-19,Model 5 - HDKR,41.87384534,55.82617893,0.513798005,-1.617271661,55.80274802,0.072768083
2024-05-20/2024-05-26,Model 1 - Kasten Model,47.00096682,60.09058923,0.437468802,15.92678951,57.94149022,0.08902134
2024-05-20/2024-05-26,Model  2 - Balint et al. Model,47.45739565,60.76411245,0.42478791,16.73020239,58.41556034,0.089704269
2024-05-20/2024-05-26,Model 3  - Real World GHI,35.94681184,45.41741865,0.678649795,11.18031386,44.01979667,0.12768596
2024-05-20/2024-05-26,Model 4 - Karamov Naumov,51.72669023,68.7135547,0.264439295,19.10100964,66.00533334,0.059817197
2024-05-20/2024-05-26,Model 5 - HDKR,47.94824503,62.80896564,0.385422056,7.051548224,62.41187252,0.135043373
2024-05-27/2024-06-02,Model 1 - Kasten Model,47.65605049,59.99053242,0.398218269,14.01395384,58.33072156,0.064147749
2024-05-27/2024-06-02,Model  2 - Balint et al. Model,48.15382763,60.63540579,0.385210923,14.8110061,58.798695,0.064591581
2024-05-27/2024-06-02,Model 3  - Real World GHI,38.35410321,47.58961731,0.621297658,14.02581956,45.47579644,0.125313404
2024-05-27/2024-06-02,Model 4 - Karamov Naumov,53.232726,68.36101778,0.218569053,17.5167605,66.07867926,0.018308114
2024-05-27/2024-06-02,Model 5 - HDKR,44.31014046,58.16071987,0.434369118,6.092430267,57.84074367,0.095311397
2024-06-03/2024-06-09,Model 1 - Kasten Model,49.07270755,62.50925948,0.310954169,1.46999675,62.49197253,0.086670423
2024-06-03/2024-06-09,Model  2 - Balint et al. Model,49.42626196,62.8862913,0.302616982,2.19752005,62.84788412,0.087270162
2024-06-03/2024-06-09,Model 3  - Real World GHI,38.80330869,48.85344663,0.579128208,3.535620488,48.72533874,0.099886438
2024-06-03/2024-06-09,Model 4 - Karamov Naumov,53.42204303,69.55378496,0.146898043,4.383649782,69.41550703,0.033821943
2024-06-03/2024-06-09,Model 5 - HDKR,48.88268861,62.34021302,0.314675962,-11.25963382,61.31494765,0.126787202
2024-06-10/2024-06-16,Model 1 - Kasten Model,36.51770268,53.17605184,0.608857178,11.29181649,51.96332716,0.030081426
2024-06-10/2024-06-16,Model  2 - Balint et al. Model,36.94326348,53.77421271,0.600007998,12.07681666,52.40053866,0.030289607
2024-06-10/2024-06-16,Model 3  - Real World GHI,29.69737904,41.96804335,0.756364466,6.563811882,41.45157459,0.04900875
2024-06-10/2024-06-16,Model 4 - Karamov Naumov,41.83808225,61.64643249,0.474322869,15.22277439,59.7373399,0.007377992
2024-06-10/2024-06-16,Model 5 - HDKR,39.95051578,52.96204634,0.611999129,-6.042461289,52.61622387,0.052623858
2024-06-17/2024-06-23,Model 1 - Kasten Model,40.6997887,53.95774921,0.686701123,0.305701857,53.95688321,0.013167649
2024-06-17/2024-06-23,Model  2 - Balint et al. Model,41.07417281,54.47997348,0.680607317,1.259840628,54.46540473,0.013258798
2024-06-17/2024-06-23,Model 3  - Real World GHI,23.092338,34.29918512,0.873404347,0.292744649,34.29793581,9.03E-05
2024-06-17/2024-06-23,Model 4 - Karamov Naumov,49.09657147,64.75732434,0.548737775,5.318998123,64.53851032,6.78E-05
2024-06-17/2024-06-23,Model 5 - HDKR,37.00675485,50.86491601,0.721588063,2.210239751,50.81687241,7.11E-05
2024-06-24/2024-06-30,Model 1 - Kasten Model,35.72441725,48.88691407,0.6975917,-3.203674569,48.78182896,0.001691824
2024-06-24/2024-06-30,Model  2 - Balint et al. Model,36.02363355,49.2422764,0.693179267,-2.396552239,49.18392342,0.001703598
2024-06-24/2024-06-30,Model 3  - Real World GHI,24.78113111,34.45768863,0.849761671,4.544578966,34.15668467,0.000250072
2024-06-24/2024-06-30,Model 4 - Karamov Naumov,42.24979633,57.2059942,0.585913058,0.944587849,57.19819513,0.000100448
2024-06-24/2024-06-30,Model 5 - HDKR,35.95570623,50.52496992,0.676986564,-9.893117956,49.54693535,0.000202985
2024-07-01/2024-07-07,Model 1 - Kasten Model,84.9794453,117.5260706,-1.394414387,16.29930162,116.3903348,0.427982513
2024-07-01/2024-07-07,Model  2 - Balint et al. Model,85.45387084,118.7029261,-1.442607749,16.72505746,117.5187521,0.460032488
2024-07-01/2024-07-07,Model 3  - Real World GHI,73.57736712,91.88164556,-0.463485456,18.34258095,90.03214156,0.865260573
2024-07-01/2024-07-07,Model 4 - Karamov Naumov,96.44830278,122.7586221,-1.612371228,35.10858011,117.6310627,0.124471359
2024-07-01/2024-07-07,Model 5 - HDKR,103.58054,135.0971583,-2.163904084,35.89447079,130.2414264,0.500630225
2024-07-08/2024-07-14,Model 1 - Kasten Model,66.89080017,90.04771319,-0.36607719,2.783347557,90.0046867,0.083679562
2024-07-08/2024-07-14,Model  2 - Balint et al. Model,67.8965834,91.56250489,-0.412424343,2.714932161,91.52224563,0.084810462
2024-07-08/2024-07-14,Model 3  - Real World GHI,56.2453684,70.14235417,0.17112214,23.08750309,66.23380595,0.306046904
2024-07-08/2024-07-14,Model 4 - Karamov Naumov,74.18730765,97.85289347,-0.613159119,38.98677145,89.75087973,0.108165151
2024-07-08/2024-07-14,Model 5 - HDKR,81.31658365,109.4626375,-1.018653039,45.90572817,99.3716918,0.170235285
2024-07-15/2024-07-21,Model 1 - Kasten Model,66.7282052,105.2505866,-0.625145294,29.4912854,101.0344004,0.004176313
2024-07-15/2024-07-21,Model  2 - Balint et al. Model,68.06623188,107.411496,-0.692562347,30.63452148,102.9502577,0.004542627
2024-07-15/2024-07-21,Model 3  - Real World GHI,40.0514461,51.10269503,0.616883591,20.99290628,46.59166584,0.033431049
2024-07-15/2024-07-21,Model 4 - Karamov Naumov,54.3449076,75.30440156,0.168075589,22.50369427,71.86331915,0.002407096
2024-07-15/2024-07-21,Model 5 - HDKR,54.65426685,73.48898099,0.207703759,11.20033871,72.63045325,0.013566168
2024-07-22/2024-07-28,Model 1 - Kasten Model,82.54921888,113.2352829,-0.964100515,39.31137802,106.1924896,0.000558573
2024-07-22/2024-07-28,Model  2 - Balint et al. Model,83.91116081,115.4091328,-1.040236562,40.8245301,107.9473283,0.000584236
2024-07-22/2024-07-28,Model 3  - Real World GHI,58.19252953,72.95790133,0.184648572,28.38234912,67.21084455,0.001291597
2024-07-22/2024-07-28,Model 4 - Karamov Naumov,71.64074658,92.49356949,-0.310458435,28.64132246,87.94734245,0.000371954
2024-07-22/2024-07-28,Model 5 - HDKR,72.44161175,89.74069529,-0.233613265,21.85444258,87.03893227,0.001017553
2024-07-29/2024-08-04,Model 1 - Kasten Model,90.4290132,127.0881131,-0.916402618,23.18877662,124.9546683,0.061989365
2024-07-29/2024-08-04,Model  2 - Balint et al. Model,92.08132133,129.4888649,-0.989489906,24.69579511,127.1120916,0.065828704
2024-07-29/2024-08-04,Model 3  - Real World GHI,44.43158602,57.59806624,0.606365914,11.65076151,56.40741964,0.12514865
2024-07-29/2024-08-04,Model 4 - Karamov Naumov,59.43514948,76.98042508,0.296866966,5.901704483,76.75386459,0.022320714
2024-07-29/2024-08-04,Model 5 - HDKR,59.89176019,83.04599155,0.181696814,-13.91372333,81.872126,0.053197357
2024-08-05/2024-08-11,Model 1 - Kasten Model,69.15215265,104.2488381,-1.010373036,12.64561148,103.4790257,0.227172939
2024-08-05/2024-08-11,Model  2 - Balint et al. Model,68.54354574,102.6138032,-0.947806327,11.09886844,102.0118019,0.236802745
2024-08-05/2024-08-11,Model 3  - Real World GHI,50.98173644,66.12141083,0.191242303,14.969546,64.40460902,0.440230807
2024-08-05/2024-08-11,Model 4 - Karamov Naumov,65.89720852,91.6979855,-0.5554419,17.3633724,90.03906843,0.082629915
2024-08-05/2024-08-11,Model 5 - HDKR,76.4830982,101.3162828,-0.89885892,19.04189037,99.51078117,0.229001678
2024-08-12/2024-08-18,Model 1 - Kasten Model,71.07524049,101.7139805,-0.409214435,2.068302221,101.6929494,0.039184849
2024-08-12/2024-08-18,Model  2 - Balint et al. Model,71.07882786,101.430297,-0.401364709,2.077315187,101.4090228,0.040858239
2024-08-12/2024-08-18,Model 3  - Real World GHI,67.3791976,89.36058854,-0.08769673,4.682502073,89.23782247,0.109930049
2024-08-12/2024-08-18,Model 4 - Karamov Naumov,71.08169144,94.85907602,-0.225670017,6.504531464,94.63580387,0.012630031
2024-08-12/2024-08-18,Model 5 - HDKR,75.42794848,106.2175581,-0.536768352,23.07804268,103.6801505,0.037706275
2024-08-19/2024-08-25,Model 1 - Kasten Model,65.34142241,90.42517018,-0.455360798,-18.54561816,88.50294599,0.063239259
2024-08-19/2024-08-25,Model  2 - Balint et al. Model,65.16390509,89.67827649,-0.431418115,-19.97931913,87.42436778,0.067379568
2024-08-19/2024-08-25,Model 3  - Real World GHI,65.77323822,91.13667817,-0.478353837,-15.47514651,89.813217,0.073860835
2024-08-19/2024-08-25,Model 4 - Karamov Naumov,65.33644677,89.93337963,-0.439573459,-21.61069126,87.29828633,0.064062233
2024-08-19/2024-08-25,Model 5 - HDKR,60.76193354,80.72417272,-0.159843008,-18.69961981,78.52844249,0.014561208
2024-08-26/2024-09-01,Model 1 - Kasten Model,59.21613808,78.4702123,-0.191480666,-52.31862504,58.48363611,0.002381432
2024-08-26/2024-09-01,Model  2 - Balint et al. Model,59.734523,79.22373418,-0.214473274,-53.10259468,58.79212954,0.002380195
2024-08-26/2024-09-01,Model 3  - Real World GHI,58.29178354,77.43074767,-0.160123569,-49.58959934,59.4675737,0.002353482
2024-08-26/2024-09-01,Model 4 - Karamov Naumov,58.64344693,78.98243809,-0.207086565,-51.00992058,60.30102428,0.002975824
2024-08-26/2024-09-01,Model 5 - HDKR,49.40893419,65.73519696,0.16387101,-42.59176652,50.0705257,0.002992249
2024-09-02/2024-09-08,Model 1 - Kasten Model,37.00422396,53.80317883,-0.343668221,-6.146654358,53.45091854,0.222983901
2024-09-02/2024-09-08,Model  2 - Balint et al. Model,36.92328885,53.74757795,-0.340892529,-6.913213327,53.3011221,0.240500597
2024-09-02/2024-09-08,Model 3  - Real World GHI,35.71972469,52.1202689,-0.260925623,-9.371515636,51.27082138,0.225911738
2024-09-02/2024-09-08,Model 4 - Karamov Naumov,38.87300882,53.56431966,-0.331764276,8.334655603,52.91190656,0.083710845
2024-09-02/2024-09-08,Model 5 - HDKR,37.92633847,54.16409551,-0.361755585,0.47140492,54.16204409,0.612892467
2024-09-09/2024-09-15,Model 1 - Kasten Model,63.09213889,87.24475967,-0.588474379,-2.61844193,87.2054577,0.004268127
2024-09-09/2024-09-15,Model  2 - Balint et al. Model,63.15623325,87.12686744,-0.584184328,-3.336050168,87.06297606,0.004415244
2024-09-09/2024-09-15,Model 3  - Real World GHI,61.24612552,83.4821697,-0.454417089,-8.798752999,83.01719462,0.004129176
2024-09-09/2024-09-15,Model 4 - Karamov Naumov,45.01320753,60.34016733,0.24017333,-9.715552309,59.5528659,0.002336502
2024-09-09/2024-09-15,Model 5 - HDKR,37.25745541,54.33080574,0.383981429,-24.41210277,48.53746688,0.002449791
2024-09-16/2024-09-22,Model 1 - Kasten Model,34.02316445,47.50571961,0.603765481,0.278293304,47.50490447,0.000812718
2024-09-16/2024-09-22,Model  2 - Balint et al. Model,33.52704848,47.05414435,0.611262653,-0.259099685,47.05343099,0.001217934
2024-09-16/2024-09-22,Model 3  - Real World GHI,31.19685906,43.59933125,0.666250855,-5.453714785,43.25689172,0.001143076
2024-09-16/2024-09-22,Model 4 - Karamov Naumov,30.67097273,40.04665387,0.718425725,-17.74190416,35.90207965,0.000236234
2024-09-16/2024-09-22,Model 5 - HDKR,43.62951055,59.11739991,0.386391799,-34.69432212,47.86617788,0.00159055
2024-09-23/2024-09-29,Model 1 - Kasten Model,48.79012522,68.29099133,-0.68276373,-16.37616565,66.29842152,0.000270661
2024-09-23/2024-09-29,Model  2 - Balint et al. Model,49.00273921,68.4401815,-0.690124175,-16.95325797,66.3072054,0.000288874
2024-09-23/2024-09-29,Model 3  - Real World GHI,48.28377129,67.2477903,-0.631745205,-19.40435044,64.38739383,0.000270659
2024-09-23/2024-09-29,Model 4 - Karamov Naumov,43.38922533,59.68584192,-0.285401958,-5.927037613,59.39082379,0.000183858
2024-09-23/2024-09-29,Model 5 - HDKR,45.91211846,61.65910523,-0.37179983,-5.094005024,61.44832277,0.000335814
2024-09-30/2024-10-06,Model 1 - Kasten Model,60.15687184,84.13030008,-0.932501519,-10.85798931,83.42668314,0.277693913
2024-09-30/2024-10-06,Model  2 - Balint et al. Model,60.15784969,84.06556287,-0.929528592,-11.1835508,83.31834763,0.271842787
2024-09-30/2024-10-06,Model 3  - Real World GHI,58.58654989,81.75533881,-0.824934214,-14.21088767,80.51078248,0.255008851
2024-09-30/2024-10-06,Model 4 - Karamov Naumov,52.39416649,73.5582161,-0.477329414,-15.69991217,71.86323061,0.472153243
2024-09-30/2024-10-06,Model 5 - HDKR,54.21800588,74.1223869,-0.500077718,-21.22113836,71.01965592,0.607789757
2024-10-07/2024-10-13,Model 1 - Kasten Model,39.76157707,56.7229838,-0.333309517,-11.9619243,55.44735574,0.020700471
2024-10-07/2024-10-13,Model  2 - Balint et al. Model,40.10095706,57.02597115,-0.347591376,-11.9835594,55.75262944,0.020692908
2024-10-07/2024-10-13,Model 3  - Real World GHI,39.38938599,55.70972948,-0.286100604,-14.8498955,53.69408313,0.019396223
2024-10-07/2024-10-13,Model 4 - Karamov Naumov,31.19088379,42.00385415,0.268875855,-17.49589679,38.1866123,0.026818108
2024-10-07/2024-10-13,Model 5 - HDKR,29.25533112,40.61868171,0.316301714,-14.91725877,37.78032152,0.02979718
2024-10-14/2024-10-20,Model 1 - Kasten Model,42.13966597,59.68861682,-0.492141865,-12.84481037,58.29015204,0.000164904
2024-10-14/2024-10-20,Model  2 - Balint et al. Model,42.30216369,59.89186795,-0.502321222,-12.78544276,58.51126643,0.000175497
2024-10-14/2024-10-20,Model 3  - Real World GHI,41.66069525,59.02210048,-0.459003749,-15.13074851,57.0497046,0.000163915
2024-10-14/2024-10-20,Model 4 - Karamov Naumov,37.4384509,51.20754268,-0.098234182,-19.61759057,47.3007671,8.36E-05
2024-10-14/2024-10-20,Model 5 - HDKR,36.39242423,48.10470562,0.030824988,-17.31394591,44.88084201,0.000157434
2024-10-21/2024-10-27,Model 1 - Kasten Model,38.51676316,53.63510878,-0.785294686,-29.14651848,45.02449727,0.000192254
2024-10-21/2024-10-27,Model  2 - Balint et al. Model,38.61469124,53.75561263,-0.793325864,-29.0258668,45.24560691,0.000193416
2024-10-21/2024-10-27,Model 3  - Real World GHI,38.61841349,53.92549925,-0.804678855,-30.49256317,44.47654507,0.00018349
2024-10-21/2024-10-27,Model 4 - Karamov Naumov,35.20277082,50.25540276,-0.56739009,-30.64653078,39.82958269,0.000178671
2024-10-21/2024-10-27,Model 5 - HDKR,33.62435459,49.69589993,-0.532684269,-25.57749303,42.60838321,0.000259893
2024-10-28/2024-11-03,Model 1 - Kasten Model,21.7512262,34.81174127,-0.385316196,6.228154228,34.2500719,0.000655137
2024-10-28/2024-11-03,Model  2 - Balint et al. Model,21.95312666,35.01940271,-0.401893063,6.60304401,34.39125435,0.000700139
2024-10-28/2024-11-03,Model 3  - Real World GHI,20.89145439,33.4154173,-0.276412933,4.481279292,33.11356594,0.000655419
2024-10-28/2024-11-03,Model 4 - Karamov Naumov,16.9553259,26.36615041,0.205322589,-2.13645142,26.27944944,0.000262132
2024-10-28/2024-11-03,Model 5 - HDKR,19.05320274,28.49737167,0.07166007,6.331901914,27.78501773,0.000697053
2024-11-04/2024-11-10,Model 1 - Kasten Model,20.3694554,29.63599179,-3.027893422,16.98421546,24.28638373,0.059878809
2024-11-04/2024-11-10,Model  2 - Balint et al. Model,20.91841864,30.23268039,-3.191720771,17.54039388,24.62416589,0.074240461
2024-11-04/2024-11-10,Model 3  - Real World GHI,19.11488365,27.56884255,-2.485588428,15.41129024,22.85898538,0.069546272
2024-11-04/2024-11-10,Model 4 - Karamov Naumov,11.39370071,15.43746024,-0.092925963,6.061623815,14.19760175,0.039809862
2024-11-04/2024-11-10,Model 5 - HDKR,20.19081824,26.11989708,-2.128829961,15.150115,21.27728928,0.282017992
2024-11-11/2024-11-17,Model 1 - Kasten Model,23.80593884,32.54725755,0.173492368,-19.18925784,26.2887116,0.060018312
2024-11-11/2024-11-17,Model  2 - Balint et al. Model,23.9311007,32.65408302,0.168057995,-19.07289429,26.50497768,0.060997191
2024-11-11/2024-11-17,Model 3  - Real World GHI,22.84903065,32.05286881,0.198410759,-19.43989431,25.48483684,0.012635893
2024-11-11/2024-11-17,Model 4 - Karamov Naumov,24.79496203,33.80984098,0.108124316,-21.89528766,25.76240915,0.043348138
2024-11-11/2024-11-17,Model 5 - HDKR,22.72738195,31.57167728,0.222297711,-19.22390214,25.04420877,0.011919929
2024-11-18/2024-11-24,Model 1 - Kasten Model,39.32753481,55.36419134,-1.239119374,6.296427439,55.00498781,0.310601026
2024-11-18/2024-11-24,Model  2 - Balint et al. Model,38.84033791,54.51744649,-1.171152544,5.497484803,54.23955782,0.306354584
2024-11-18/2024-11-24,Model 3  - Real World GHI,35.02776763,46.34753347,-0.569179333,4.598564712,46.1188363,0.205366229
2024-11-18/2024-11-24,Model 4 - Karamov Naumov,34.41416413,44.81023298,-0.466809553,4.991307991,44.53138022,0.308794521
2024-11-18/2024-11-24,Model 5 - HDKR,27.18252168,35.39310009,0.084925329,1.047047009,35.37760912,0.227748784
2024-11-25/2024-12-01,Model 1 - Kasten Model,34.49591341,47.48174852,-0.77243395,-7.989136541,46.80480894,0.070141169
2024-11-25/2024-12-01,Model  2 - Balint et al. Model,34.66680695,47.42757572,-0.768391852,-8.317275854,46.69258893,0.089959412
2024-11-25/2024-12-01,Model 3  - Real World GHI,31.66175279,41.83876134,-0.376176984,-5.581108438,41.46484269,0.002909432
2024-11-25/2024-12-01,Model 4 - Karamov Naumov,26.68547048,37.61300631,-0.112225241,-14.27439056,34.79913817,0.001743131
2024-11-25/2024-12-01,Model 5 - HDKR,29.05125077,40.87860736,-0.313738226,-14.60877268,38.17910816,0.001941301
2024-12-02/2024-12-08,Model 1 - Kasten Model,19.2658396,27.74097475,-0.418564377,-2.514562518,27.62677425,0.03322267
2024-12-02/2024-12-08,Model  2 - Balint et al. Model,19.24708629,27.72319048,-0.416746124,-2.778927408,27.58356128,0.047650371
2024-12-02/2024-12-08,Model 3  - Real World GHI,21.46823568,28.71302425,-0.519719692,5.240499409,28.23074436,0.011079671
2024-12-02/2024-12-08,Model 4 - Karamov Naumov,18.30402254,25.24798498,-0.175057346,-1.934619309,25.17375606,0.004913102
2024-12-02/2024-12-08,Model 5 - HDKR,23.06696555,30.31579902,-0.694117988,0.85770419,30.30366337,0.009011787
2024-12-09/2024-12-15,Model 1 - Kasten Model,16.76316781,24.82022679,-0.75539605,8.289816726,23.39492673,0.195505007
2024-12-09/2024-12-15,Model  2 - Balint et al. Model,16.717161,24.70989908,-0.739825008,8.171335434,23.3196996,0.219661531
2024-12-09/2024-12-15,Model 3  - Real World GHI,19.44826395,25.41077577,-0.839922261,9.959472402,23.37769097,0.383389543
2024-12-09/2024-12-15,Model 4 - Karamov Naumov,14.98308989,20.48229115,-0.195420492,7.605605122,19.01786059,0.053312196
2024-12-09/2024-12-15,Model 5 - HDKR,19.76757476,25.82503238,-0.900401547,9.988545185,23.81514775,0.420804071
2024-12-16/2024-12-22,Model 1 - Kasten Model,17.44048428,26.17866316,-0.444904085,-7.064456838,25.20745632,0.094103132
2024-12-16/2024-12-22,Model  2 - Balint et al. Model,17.41364429,26.16682926,-0.44359806,-7.327451559,25.11994042,0.096161069
2024-12-16/2024-12-22,Model 3  - Real World GHI,21.34635422,28.66427125,-0.732311141,2.887731615,28.51844057,0.136084439
2024-12-16/2024-12-22,Model 4 - Karamov Naumov,17.14869667,26.03796839,-0.429414817,-5.023822474,25.54871827,0.076924831
2024-12-16/2024-12-22,Model 5 - HDKR,21.2487665,28.98200986,-0.77092875,-1.108267105,28.96081214,0.106923824
2024-12-23/2024-12-29,Model 1 - Kasten Model,13.1025616,20.69610239,-1.91996535,6.068762466,19.78632801,0.242011755
2024-12-23/2024-12-29,Model  2 - Balint et al. Model,13.03747353,20.45198486,-1.851487646,5.861880286,19.59392876,0.247845848
2024-12-23/2024-12-29,Model 3  - Real World GHI,15.77047461,20.72500343,-1.928126207,10.4182314,17.91608835,0.126960194
2024-12-23/2024-12-29,Model 4 - Karamov Naumov,12.32693608,16.61581729,-0.882105593,4.737280706,15.92619087,0.154744338
2024-12-23/2024-12-29,Model 5 - HDKR,12.7465837,17.02905247,-0.976885594,7.079643438,15.48764917,0.092780548
2024-12-30/2025-01-05,Model 1 - Kasten Model,20.31859351,24.5719229,-1.92852649,11.52971637,21.69896393,0.099524951
2024-12-30/2025-01-05,Model  2 - Balint et al. Model,20.16955477,24.20788978,-1.842396997,11.34224232,21.38633832,0.101861272
2024-12-30/2025-01-05,Model 3  - Real World GHI,23.14025017,29.91191795,-3.339696827,19.70031659,22.50822876,0.116314269
2024-12-30/2025-01-05,Model 4 - Karamov Naumov,14.39058335,17.98566302,-0.569002998,4.38339687,17.44333415,0.064349152
2024-12-30/2025-01-05,Model 5 - HDKR,16.38381563,20.40813657,-1.02012188,10.68092064,17.38993883,0.071837613
